Month,Country,MonthlyIncome
2012-07,Austria,32464.25
2012-07,Belgium,50595.85
2012-07,Brazil,155814.45
2012-07,Canada,32802.02
2012-07,Denmark,80034.46
2012-07,France,251811.04
2012-07,Germany,211183.74
2012-07,Ireland,45698.67
2012-07,Italy,91557.85
2012-07,Mexico,92105.99
2012-07,Norway,10946.3
2012-07,Poland,34039.54
2012-07,Portugal,56072.91
2012-07,Spain,115292.92
2012-07,Sweden,94965.65
2012-07,Switzerland,20845.03
2012-07,UK,77494.04
2012-07,USA,516417.98
2012-07,Venezuela,96076.71
2012-08,Argentina,121373.14
2012-08,Austria,9863.72
2012-08,Belgium,77879.67
2012-08,Brazil,515608.11
2012-08,Canada,200167.92
2012-08,Denmark,88925.55
2012-08,Finland,124110.3
2012-08,France,503657.33
2012-08,Germany,384741.65
2012-08,Ireland,47434.17
2012-08,Italy,54858.39
2012-08,Mexico,161185.89
2012-08,Norway,12567.8
2012-08,Poland,66786.37
2012-08,Portugal,202028.79
2012-08,Spain,94404.33
2012-08,Sweden,61833.65
2012-08,Switzerland,18296.18
2012-08,UK,263787.83
2012-08,USA,391847.6
2012-08,Venezuela,155517.4
2012-09,Argentina,89187.87
2012-09,Austria,154582.08
2012-09,Belgium,185404.37
2012-09,Brazil,191855.06
2012-09,Canada,90311.63
2012-09,Denmark,27197.74
2012-09,Finland,79948.15
2012-09,France,413146.4
2012-09,Germany,400475.82
2012-09,Ireland,47236.54
2012-09,Italy,55179.42
2012-09,Mexico,185042.04
2012-09,Norway,128631.4
2012-09,Portugal,222763.48
2012-09,Spain,244941.54
2012-09,Sweden,55259.77
2012-09,UK,287389.35
2012-09,USA,363088.28
2012-09,Venezuela,218504.04
2012-10,Argentina,96849.48
2012-10,Austria,37988.19
2012-10,Belgium,55994.22
2012-10,Brazil,346156.32
2012-10,Canada,177749.57
2012-10,Denmark,56473.85
2012-10,France,432290.16
2012-10,Germany,329023.66
2012-10,Italy,72585.48
2012-10,Mexico,281110.29
2012-10,Portugal,90742.13
2012-10,Spain,47681.2
2012-10,Sweden,123469.92
2012-10,Switzerland,81808.87
2012-10,UK,177776.71
2012-10,USA,686755.04
2012-10,Venezuela,107074.87
2012-11,Argentina,171422.75
2012-11,Austria,66614.35
2012-11,Belgium,62936.0
2012-11,Brazil,352433.49
2012-11,Canada,163130.66
2012-11,Denmark,43846.9
2012-11,Finland,99943.81
2012-11,France,200302.58
2012-11,Germany,368263.23
2012-11,Ireland,20952.82
2012-11,Italy,48381.95
2012-11,Mexico,342870.52
2012-11,Poland,64942.39
2012-11,Portugal,66561.69
2012-11,Spain,226486.25
2012-11,Switzerland,92638.79
2012-11,UK,168524.72
2012-11,USA,387803.76
2012-11,Venezuela,32438.08
2012-12,Argentina,53584.53
2012-12,Austria,78138.07
2012-12,Belgium,106820.83
2012-12,Brazil,389360.48
2012-12,Canada,36905.9
2012-12,Finland,146510.74
2012-12,France,338255.08
2012-12,Germany,434875.72
2012-12,Ireland,113703.14
2012-12,Italy,65522.17
2012-12,Mexico,142475.34
2012-12,Norway,23736.59
2012-12,Poland,48463.57
2012-12,Portugal,36112.13
2012-12,Spain,221025.36
2012-12,Sweden,144350.07
2012-12,Switzerland,63182.61
2012-12,UK,447834.08
2012-12,USA,660177.78
2012-12,Venezuela,26902.66
2013-01,Argentina,110415.01
2013-01,Austria,48140.53
2013-01,Belgium,17213.5
2013-01,Brazil,302555.55
2013-01,Canada,45914.6
2013-01,Denmark,197407.1
2013-01,Finland,100640.13
2013-01,France,428589.08
2013-01,Germany,250325.33
2013-01,Ireland,85944.12
2013-01,Italy,117209.0
2013-01,Mexico,212374.96
2013-01,Norway,6985.95
2013-01,Poland,475.0
2013-01,Portugal,58447.74
2013-01,Spain,86136.04
2013-01,Sweden,14812.0
2013-01,Switzerland,102736.81
2013-01,UK,283616.93
2013-01,USA,524446.33
2013-01,Venezuela,81032.58
2013-02,Argentina,98595.25
2013-02,Austria,122627.74
2013-02,Belgium,43784.21
2013-02,Brazil,319599.77
2013-02,Canada,23307.34
2013-02,Denmark,192722.68
2013-02,Finland,53701.79
2013-02,France,287573.82
2013-02,Germany,222480.97
2013-02,Italy,136589.35
2013-02,Mexico,165091.01
2013-02,Norway,46768.1
2013-02,Poland,65429.63
2013-02,Portugal,18795.05
2013-02,Spain,172153.0
2013-02,Sweden,83618.37
2013-02,Switzerland,28320.0
2013-02,UK,307500.74
2013-02,USA,423001.22
2013-02,Venezuela,152532.82
2013-03,Argentina,23172.95
2013-03,Austria,191591.38
2013-03,Belgium,92104.57
2013-03,Brazil,239626.63
2013-03,Canada,82491.17
2013-03,Denmark,64704.43
2013-03,Finland,82703.68
2013-03,France,527950.42
2013-03,Germany,591228.78
2013-03,Italy,87599.14
2013-03,Mexico,107929.96
2013-03,Norway,36311.57
2013-03,Poland,117913.68
2013-03,Portugal,72871.82
2013-03,Spain,85401.46
2013-03,Sweden,44064.63
2013-03,Switzerland,83524.51
2013-03,UK,136095.88
2013-03,USA,503788.99
2013-03,Venezuela,300285.56
2013-04,Argentina,71939.78
2013-04,Austria,54831.02
2013-04,Brazil,259426.86
2013-04,Canada,101980.48
2013-04,Denmark,118667.82
2013-04,Finland,22089.87
2013-04,France,373389.29
2013-04,Germany,416359.21
2013-04,Ireland,42214.8
2013-04,Italy,103684.72
2013-04,Mexico,291802.77
2013-04,Norway,8450.0
2013-04,Poland,52248.71
2013-04,Portugal,75350.92
2013-04,Sweden,37682.54
2013-04,Switzerland,19539.51
2013-04,UK,295158.84
2013-04,USA,588608.38
2013-04,Venezuela,329468.0
2013-05,Argentina,205313.59
2013-05,Belgium,146158.97
2013-05,Brazil,381258.61
2013-05,Canada,183519.21
2013-05,Denmark,22003.55
2013-05,Finland,117245.35
2013-05,France,309622.61
2013-05,Germany,627029.72
2013-05,Italy,150373.76
2013-05,Mexico,174705.24
2013-05,Norway,59370.73
2013-05,Poland,71613.6
2013-05,Portugal,186389.14
2013-05,Spain,13307.41
2013-05,Sweden,60335.7
2013-05,Switzerland,64600.61
2013-05,UK,286392.68
2013-05,USA,348529.38
2013-05,Venezuela,185758.15
2013-06,Argentina,39570.19
2013-06,Austria,25983.87
2013-06,Belgium,37066.73
2013-06,Brazil,393711.24
2013-06,Canada,105586.32
2013-06,Denmark,115747.19
2013-06,Finland,13127.7
2013-06,France,406098.03
2013-06,Germany,594228.37
2013-06,Italy,131137.1
2013-06,Mexico,269100.45
2013-06,Norway,53218.05
2013-06,Poland,12112.38
2013-06,Portugal,15565.2
2013-06,Spain,163442.39
2013-06,Sweden,38789.88
2013-06,Switzerland,602.0
2013-06,UK,140329.14
2013-06,USA,341768.24
2013-06,Venezuela,78999.77
2013-07,Argentina,223674.12
2013-07,Austria,249876.76
2013-07,Belgium,15789.35
2013-07,Brazil,416418.77
2013-07,Canada,72563.92
2013-07,Denmark,63183.64
2013-07,Finland,17297.39
2013-07,France,548052.79
2013-07,Germany,484728.97
2013-07,Italy,163141.0
2013-07,Mexico,240867.48
2013-07,Norway,59367.98
2013-07,Poland,24312.69
2013-07,Portugal,86260.96
2013-07,Spain,237738.29
2013-07,Sweden,182623.14
2013-07,Switzerland,207167.67
2013-07,UK,301480.77
2013-07,USA,460133.13
2013-07,Venezuela,220389.61
2013-08,Argentina,82434.47
2013-08,Austria,8870.3
2013-08,Belgium,31875.93
2013-08,Brazil,427236.53
2013-08,Canada,9994.22
2013-08,Denmark,96862.92
2013-08,Finland,52915.98
2013-08,France,269393.39
2013-08,Germany,321948.84
2013-08,Ireland,2053.8
2013-08,Italy,11800.25
2013-08,Mexico,122060.33
2013-08,Norway,70029.57
2013-08,Portugal,30337.95
2013-08,Spain,174787.77
2013-08,Sweden,94813.48
2013-08,Switzerland,78749.92
2013-08,UK,272780.34
2013-08,USA,624578.43
2013-08,Venezuela,204468.94
2013-09,Argentina,63089.2
2013-09,Austria,25158.79
2013-09,Belgium,22313.71
2013-09,Brazil,305401.91
2013-09,Canada,97092.57
2013-09,Finland,53262.0
2013-09,France,487989.25
2013-09,Germany,247032.32
2013-09,Italy,14850.5
2013-09,Mexico,226605.97
2013-09,Poland,55100.99
2013-09,Portugal,42728.75
2013-09,Spain,87036.05
2013-09,Sweden,47883.96
2013-09,Switzerland,59356.96
2013-09,UK,210442.18
2013-09,USA,511429.12
2013-09,Venezuela,114639.0
2013-10,Argentina,79624.22
2013-10,Austria,39894.49
2013-10,Belgium,130851.3
2013-10,Brazil,339746.01
2013-10,Canada,8090.2
2013-10,Denmark,75670.37
2013-10,Finland,153150.96
2013-10,France,324341.84
2013-10,Germany,446082.3
2013-10,Ireland,24659.85
2013-10,Italy,135395.04
2013-10,Mexico,314930.67
2013-10,Poland,46527.89
2013-10,Portugal,43352.75
2013-10,Spain,50052.15
2013-10,Sweden,44914.5
2013-10,Switzerland,99528.95
2013-10,UK,285688.31
2013-10,USA,295849.71
2013-10,Venezuela,173910.59
2013-11,Argentina,142167.5
2013-11,Belgium,150175.86
2013-11,Brazil,314954.43
2013-11,Canada,29458.61
2013-11,Denmark,77519.15
2013-11,Finland,29206.43
2013-11,France,459030.16
2013-11,Germany,264247.18
2013-11,Ireland,33939.45
2013-11,Italy,3282.1
2013-11,Mexico,300504.33
2013-11,Norway,103090.52
2013-11,Poland,82559.85
2013-11,Portugal,125377.34
2013-11,Spain,64199.76
2013-11,Sweden,161535.1
2013-11,UK,203280.51
2013-11,USA,391953.16
2013-11,Venezuela,105715.61
2013-12,Austria,58356.76
2013-12,Belgium,1235.75
2013-12,Brazil,504785.64
2013-12,Canada,78605.67
2013-12,Denmark,65279.25
2013-12,Finland,80596.2
2013-12,France,263453.34
2013-12,Germany,539230.43
2013-12,Italy,81387.3
2013-12,Mexico,157448.53
2013-12,Poland,65853.82
2013-12,Portugal,19235.45
2013-12,Spain,185399.88
2013-12,Sweden,101722.27
2013-12,Switzerland,71462.41
2013-12,UK,216648.56
2013-12,USA,596872.41
2013-12,Venezuela,113034.04
2014-01,Argentina,69404.11
2014-01,Austria,112133.46
2014-01,Belgium,49855.72
2014-01,Brazil,426970.88
2014-01,Canada,37905.9
2014-01,Denmark,8066.55
2014-01,Finland,68959.88
2014-01,France,278156.52
2014-01,Germany,316161.18
2014-01,Ireland,7513.6
2014-01,Italy,66380.81
2014-01,Mexico,96705.13
2014-01,Poland,89231.07
2014-01,Portugal,119849.18
2014-01,Spain,46853.91
2014-01,Sweden,49231.76
2014-01,Switzerland,12102.9
2014-01,UK,339731.64
2014-01,USA,479727.43
2014-01,Venezuela,35502.2
2014-02,Argentina,66061.83
2014-02,Austria,94233.37
2014-02,Belgium,27827.45
2014-02,Brazil,273995.86
2014-02,Canada,40957.59
2014-02,France,151852.06
2014-02,Germany,200993.84
2014-02,Italy,104678.97
2014-02,Mexico,319590.88
2014-02,Norway,23121.46
2014-02,Poland,35095.25
2014-02,Portugal,86956.57
2014-02,Spain,207708.26
2014-02,Sweden,55919.03
2014-02,Switzerland,106752.72
2014-02,UK,298427.93
2014-02,USA,419770.83
2014-02,Venezuela,88714.57
2014-03,Argentina,82063.45
2014-03,Austria,208541.4
2014-03,Belgium,122886.9
2014-03,Brazil,380566.55
2014-03,Canada,192565.65
2014-03,Denmark,75488.22
2014-03,Finland,46827.45
2014-03,France,400414.96
2014-03,Germany,571209.88
2014-03,Italy,87227.2
2014-03,Mexico,184619.84
2014-03,Norway,100770.58
2014-03,Portugal,26137.82
2014-03,Spain,275318.26
2014-03,Sweden,36140.23
2014-03,Switzerland,115027.21
2014-03,UK,347503.33
2014-03,USA,390842.85
2014-03,Venezuela,210162.28
2014-04,Argentina,60723.3
2014-04,Austria,56450.33
2014-04,Belgium,132666.68
2014-04,Brazil,370033.13
2014-04,Canada,80546.08
2014-04,Denmark,166869.47
2014-04,Finland,140222.72
2014-04,France,377608.55
2014-04,Germany,279581.41
2014-04,Ireland,84122.32
2014-04,Italy,43712.61
2014-04,Mexico,190738.77
2014-04,Norway,67789.28
2014-04,Poland,2746.0
2014-04,Portugal,186485.14
2014-04,Spain,125403.05
2014-04,Sweden,57568.86
2014-04,Switzerland,31253.93
2014-04,UK,442251.98
2014-04,USA,376699.16
2014-04,Venezuela,66565.89
2014-05,Argentina,26310.5
2014-05,Austria,83930.46
2014-05,Belgium,51747.64
2014-05,Brazil,204984.81
2014-05,Canada,142370.05
2014-05,Denmark,27292.45
2014-05,Finland,142967.3
2014-05,France,364519.74
2014-05,Germany,480934.53
2014-05,Ireland,2414.43
2014-05,Italy,127304.47
2014-05,Mexico,146225.85
2014-05,Norway,56256.43
2014-05,Portugal,33741.81
2014-05,Spain,94314.27
2014-05,Sweden,71262.36
2014-05,Switzerland,49143.93
2014-05,UK,343526.43
2014-05,USA,628787.39
2014-05,Venezuela,189305.41
2014-06,Argentina,92951.77
2014-06,Austria,259311.25
2014-06,Belgium,36737.4
2014-06,Brazil,489407.65
2014-06,Canada,120946.77
2014-06,Denmark,66643.79
2014-06,Finland,33817.02
2014-06,France,331589.84
2014-06,Germany,648298.1
2014-06,Italy,76799.21
2014-06,Mexico,234854.19
2014-06,Norway,14888.23
2014-06,Poland,17130.0
2014-06,Portugal,46159.58
2014-06,Spain,182882.27
2014-06,Sweden,83871.29
2014-06,Switzerland,126303.88
2014-06,UK,351621.9
2014-06,USA,307765.89
2014-06,Venezuela,158135.39
2014-07,Argentina,120697.29
2014-07,Austria,159107.43
2014-07,Belgium,60130.09
2014-07,Brazil,185284.69
2014-07,Canada,22195.93
2014-07,Denmark,113728.51
2014-07,Finland,46246.02
2014-07,France,431832.33
2014-07,Germany,590964.52
2014-07,Italy,115369.55
2014-07,Mexico,152724.29
2014-07,Norway,6731.94
2014-07,Poland,57341.66
2014-07,Portugal,119571.16
2014-07,Spain,57437.77
2014-07,Sweden,43295.72
2014-07,Switzerland,84059.72
2014-07,UK,224513.83
2014-07,USA,406896.85
2014-07,Venezuela,180285.09
2014-08,Argentina,171277.89
2014-08,Austria,164198.89
2014-08,Belgium,55977.27
2014-08,Brazil,448697.48
2014-08,Canada,93695.96
2014-08,Denmark,83803.6
2014-08,Finland,63163.05
2014-08,France,179340.63
2014-08,Germany,538812.88
2014-08,Ireland,45762.71
2014-08,Italy,19728.51
2014-08,Mexico,310013.13
2014-08,Norway,38041.3
2014-08,Portugal,45586.02
2014-08,Spain,213297.58
2014-08,Sweden,52553.8
2014-08,Switzerland,9088.7
2014-08,UK,311738.7
2014-08,USA,431144.08
2014-08,Venezuela,140748.45
2014-09,Argentina,35725.39
2014-09,Austria,91587.4
2014-09,Belgium,46925.81
2014-09,Brazil,190402.4
2014-09,Canada,154460.54
2014-09,Denmark,115732.23
2014-09,Finland,57587.27
2014-09,France,306287.56
2014-09,Germany,262914.88
2014-09,Italy,107892.01
2014-09,Mexico,196559.97
2014-09,Norway,39399.7
2014-09,Poland,97948.28
2014-09,Portugal,59141.45
2014-09,Spain,152054.8
2014-09,Sweden,38575.61
2014-09,Switzerland,94083.33
2014-09,UK,133753.89
2014-09,USA,370195.96
2014-09,Venezuela,143669.85
2014-10,Argentina,41675.74
2014-10,Austria,59805.86
2014-10,Belgium,83650.87
2014-10,Brazil,338776.97
2014-10,Canada,56588.37
2014-10,Denmark,94343.34
2014-10,Finland,123340.51
2014-10,France,424449.6
2014-10,Germany,589292.76
2014-10,Italy,171598.22
2014-10,Mexico,163114.94
2014-10,Portugal,51508.24
2014-10,Spain,116917.52
2014-10,Sweden,2238.68
2014-10,Switzerland,51146.57
2014-10,UK,324203.2
2014-10,USA,319119.98
2014-10,Venezuela,114079.37
2014-11,Argentina,41741.89
2014-11,Austria,88569.46
2014-11,Belgium,68273.48
2014-11,Brazil,393874.09
2014-11,Canada,57842.18
2014-11,Denmark,15988.7
2014-11,Finland,70479.16
2014-11,France,355498.63
2014-11,Germany,412699.51
2014-11,Italy,77195.82
2014-11,Mexico,260557.1
2014-11,Norway,18840.73
2014-11,Poland,140082.13
2014-11,Portugal,73306.07
2014-11,Spain,86874.95
2014-11,Sweden,79909.55
2014-11,Switzerland,62626.92
2014-11,UK,380433.08
2014-11,USA,402325.4
2014-11,Venezuela,69797.75
2014-12,Argentina,165862.54
2014-12,Austria,40743.18
2014-12,Belgium,145832.06
2014-12,Brazil,484059.33
2014-12,Canada,149979.58
2014-12,Denmark,136849.08
2014-12,Finland,120917.72
2014-12,France,647799.32
2014-12,Germany,473177.57
2014-12,Italy,204842.6
2014-12,Mexico,114666.05
2014-12,Poland,78283.08
2014-12,Portugal,37386.52
2014-12,Spain,61802.74
2014-12,Sweden,17123.37
2014-12,Switzerland,125725.78
2014-12,UK,247027.11
2014-12,USA,439427.45
2014-12,Venezuela,150981.66
2015-01,Argentina,124141.87
2015-01,Austria,100814.71
2015-01,Belgium,148494.83
2015-01,Brazil,323018.2
2015-01,Canada,128299.85
2015-01,Denmark,17051.8
2015-01,Finland,38912.13
2015-01,France,599840.11
2015-01,Germany,219646.17
2015-01,Ireland,13362.83
2015-01,Italy,126039.56
2015-01,Mexico,177606.86
2015-01,Poland,21426.48
2015-01,Portugal,77912.76
2015-01,Spain,249592.65
2015-01,Sweden,21412.02
2015-01,Switzerland,62957.49
2015-01,UK,285703.61
2015-01,USA,529903.14
2015-01,Venezuela,155519.31
2015-02,Argentina,127678.93
2015-02,Austria,65980.05
2015-02,Belgium,32461.75
2015-02,Brazil,219702.43
2015-02,Canada,41638.69
2015-02,Denmark,42676.9
2015-02,Finland,16913.95
2015-02,France,653633.31
2015-02,Germany,364404.41
2015-02,Italy,21255.1
2015-02,Mexico,127449.09
2015-02,Poland,85630.06
2015-02,Portugal,182890.76
2015-02,Spain,120211.64
2015-02,Sweden,39303.58
2015-02,Switzerland,194089.92
2015-02,UK,123703.71
2015-02,USA,409667.16
2015-02,Venezuela,86909.7
2015-03,Argentina,15792.54
2015-03,Austria,1670.85
2015-03,Belgium,105163.43
2015-03,Brazil,461267.49
2015-03,Canada,187375.3
2015-03,Finland,164859.73
2015-03,France,401905.18
2015-03,Germany,414862.64
2015-03,Ireland,53569.32
2015-03,Italy,40924.87
2015-03,Mexico,198699.6
2015-03,Norway,48849.2
2015-03,Poland,120163.55
2015-03,Portugal,87799.03
2015-03,Spain,127099.06
2015-03,Sweden,28461.8
2015-03,Switzerland,54330.72
2015-03,UK,138406.03
2015-03,USA,432305.28
2015-03,Venezuela,269722.17
2015-04,Argentina,34776.3
2015-04,Austria,71952.57
2015-04,Belgium,34694.49
2015-04,Brazil,254357.12
2015-04,Canada,234390.67
2015-04,Denmark,110872.41
2015-04,Finland,94214.46
2015-04,France,446179.68
2015-04,Germany,351963.31
2015-04,Ireland,49177.78
2015-04,Italy,155833.7
2015-04,Mexico,52440.25
2015-04,Norway,51206.47
2015-04,Poland,140500.82
2015-04,Portugal,107509.5
2015-04,Spain,134154.96
2015-04,Sweden,150005.52
2015-04,UK,229467.92
2015-04,USA,380417.34
2015-04,Venezuela,123177.86
2015-05,Argentina,162374.52
2015-05,Austria,99899.46
2015-05,Belgium,28912.23
2015-05,Brazil,297918.08
2015-05,Canada,144504.78
2015-05,Denmark,207965.4
2015-05,Finland,190500.58
2015-05,France,219338.11
2015-05,Germany,410268.83
2015-05,Ireland,34527.81
2015-05,Italy,229969.44
2015-05,Mexico,301683.35
2015-05,Poland,60427.57
2015-05,Portugal,11484.41
2015-05,Spain,242215.8
2015-05,Switzerland,65643.9
2015-05,UK,192069.2
2015-05,USA,477068.13
2015-05,Venezuela,48659.09
2015-06,Argentina,194170.25
2015-06,Austria,57460.35
2015-06,Belgium,24772.77
2015-06,Brazil,442867.76
2015-06,Canada,137314.02
2015-06,Denmark,3289.2
2015-06,France,257807.55
2015-06,Germany,377757.82
2015-06,Ireland,50889.44
2015-06,Italy,3737.61
2015-06,Mexico,49270.8
2015-06,Portugal,100755.5
2015-06,Spain,187494.91
2015-06,Sweden,104693.88
2015-06,Switzerland,122350.7
2015-06,UK,183852.19
2015-06,USA,676838.57
2015-06,Venezuela,345.0
2015-07,Argentina,147692.57
2015-07,Austria,167636.68
2015-07,Belgium,177092.76
2015-07,Brazil,259191.35
2015-07,Canada,130183.13
2015-07,Denmark,65311.43
2015-07,Finland,182487.13
2015-07,France,379723.17
2015-07,Germany,445798.2
2015-07,Ireland,123691.04
2015-07,Italy,52867.98
2015-07,Mexico,275231.23
2015-07,Norway,71362.38
2015-07,Poland,128388.23
2015-07,Portugal,162592.01
2015-07,Spain,164982.97
2015-07,Sweden,54459.99
2015-07,Switzerland,111971.13
2015-07,UK,199758.7
2015-07,USA,248344.1
2015-07,Venezuela,87706.64
2015-08,Argentina,73962.61
2015-08,Austria,65361.68
2015-08,Belgium,73600.56
2015-08,Brazil,403319.88
2015-08,Canada,47896.4
2015-08,Denmark,104351.14
2015-08,France,622893.56
2015-08,Germany,778240.09
2015-08,Ireland,50706.83
2015-08,Italy,105724.13
2015-08,Mexico,161029.31
2015-08,Norway,94554.26
2015-08,Poland,33477.55
2015-08,Portugal,80458.18
2015-08,Spain,206983.51
2015-08,Sweden,139454.63
2015-08,Switzerland,289722.77
2015-08,UK,406193.06
2015-08,USA,512331.99
2015-08,Venezuela,122356.87
2015-09,Argentina,55254.9
2015-09,Austria,69197.3
2015-09,Belgium,78692.35
2015-09,Brazil,432451.91
2015-09,Canada,166496.3
2015-09,Denmark,234028.24
2015-09,Finland,4840.79
2015-09,France,204532.94
2015-09,Germany,512120.5
2015-09,Ireland,16488.04
2015-09,Mexico,208023.25
2015-09,Norway,22532.7
2015-09,Poland,95729.7
2015-09,Portugal,89940.22
2015-09,Spain,235212.36
2015-09,Sweden,55020.54
2015-09,Switzerland,101028.72
2015-09,UK,268162.22
2015-09,USA,391395.13
2015-09,Venezuela,149445.78
2015-10,Argentina,78712.53
2015-10,Austria,49928.46
2015-10,Belgium,122187.72
2015-10,Brazil,289775.9
2015-10,Canada,127085.62
2015-10,Denmark,135342.04
2015-10,Finland,66102.81
2015-10,France,289407.5
2015-10,Germany,334013.31
2015-10,Ireland,98581.55
2015-10,Italy,108865.13
2015-10,Mexico,202898.51
2015-10,Poland,50718.85
2015-10,Portugal,90978.89
2015-10,Spain,136216.77
2015-10,Sweden,181931.78
2015-10,Switzerland,23115.75
2015-10,UK,280933.86
2015-10,USA,694346.8
2015-10,Venezuela,95730.83
2015-11,Argentina,96961.79
2015-11,Austria,105635.85
2015-11,Belgium,107073.72
2015-11,Brazil,382865.32
2015-11,Canada,179659.06
2015-11,Denmark,31143.42
2015-11,Finland,64318.28
2015-11,France,368478.55
2015-11,Germany,269231.98
2015-11,Ireland,41237.76
2015-11,Italy,100741.59
2015-11,Mexico,184870.35
2015-11,Norway,84665.23
2015-11,Portugal,68870.7
2015-11,Spain,103571.46
2015-11,Sweden,61320.19
2015-11,Switzerland,50756.46
2015-11,UK,219972.31
2015-11,USA,531921.2
2015-11,Venezuela,195825.67
2015-12,Argentina,75710.77
2015-12,Austria,29526.56
2015-12,Belgium,40088.93
2015-12,Brazil,547025.37
2015-12,Canada,99206.06
2015-12,Denmark,13595.24
2015-12,Finland,76608.28
2015-12,France,653426.9
2015-12,Germany,583862.85
2015-12,Ireland,94413.95
2015-12,Italy,54106.17
2015-12,Mexico,135542.45
2015-12,Norway,32917.34
2015-12,Poland,80929.71
2015-12,Portugal,153235.84
2015-12,Spain,108686.14
2015-12,Sweden,107772.47
2015-12,Switzerland,62596.77
2015-12,UK,356581.28
2015-12,USA,569756.24
2015-12,Venezuela,102708.73
2016-01,Argentina,82774.78
2016-01,Austria,75059.62
2016-01,Belgium,45760.46
2016-01,Brazil,455826.69
2016-01,Canada,64565.25
2016-01,Denmark,33489.97
2016-01,Finland,91995.72
2016-01,France,391122.36
2016-01,Germany,524333.42
2016-01,Ireland,5000.25
2016-01,Italy,134256.79
2016-01,Mexico,173468.86
2016-01,Norway,8997.47
2016-01,Poland,1468.5
2016-01,Spain,126804.23
2016-01,Sweden,132694.46
2016-01,Switzerland,46909.95
2016-01,UK,489658.53
2016-01,USA,530436.78
2016-01,Venezuela,243427.66
2016-02,Argentina,157376.62
2016-02,Austria,97226.39
2016-02,Brazil,205730.43
2016-02,Canada,113099.39
2016-02,Denmark,92526.54
2016-02,France,328916.35
2016-02,Germany,660442.61
2016-02,Italy,37085.06
2016-02,Mexico,223825.27
2016-02,Norway,85649.99
2016-02,Poland,39933.65
2016-02,Portugal,86735.03
2016-02,Spain,77885.95
2016-02,Sweden,142831.6
2016-02,Switzerland,70084.39
2016-02,UK,265726.37
2016-02,USA,428274.24
2016-02,Venezuela,73554.61
2016-03,Argentina,99282.48
2016-03,Austria,121968.6
2016-03,Belgium,81714.54
2016-03,Brazil,404760.9
2016-03,Canada,221021.02
2016-03,Denmark,191606.06
2016-03,Finland,68560.73
2016-03,France,379873.46
2016-03,Germany,245501.23
2016-03,Italy,157953.67
2016-03,Mexico,102791.41
2016-03,Portugal,162650.64
2016-03,Spain,221088.33
2016-03,Sweden,123890.14
2016-03,Switzerland,44174.6
2016-03,UK,251131.67
2016-03,USA,771867.39
2016-03,Venezuela,12855.2
2016-04,Argentina,177901.39
2016-04,Austria,89152.33
2016-04,Belgium,38939.55
2016-04,Brazil,177601.91
2016-04,Canada,246235.95
2016-04,Denmark,34989.84
2016-04,Finland,5184.4
2016-04,France,392981.93
2016-04,Germany,368536.98
2016-04,Ireland,23110.51
2016-04,Italy,183165.04
2016-04,Mexico,182528.05
2016-04,Norway,66825.43
2016-04,Poland,42977.97
2016-04,Portugal,77540.2
2016-04,Spain,148630.63
2016-04,Sweden,113750.72
2016-04,Switzerland,105224.04
2016-04,UK,99235.77
2016-04,USA,299219.38
2016-04,Venezuela,101971.25
2016-05,Argentina,127414.84
2016-05,Austria,44362.66
2016-05,Belgium,47577.14
2016-05,Brazil,540699.01
2016-05,Canada,82775.89
2016-05,Denmark,78987.42
2016-05,Finland,3100.1
2016-05,France,494027.96
2016-05,Germany,476805.1
2016-05,Ireland,46812.22
2016-05,Italy,194830.52
2016-05,Mexico,150287.28
2016-05,Portugal,46363.68
2016-05,Spain,187831.21
2016-05,Sweden,52018.64
2016-05,Switzerland,49659.36
2016-05,UK,198136.15
2016-05,USA,416924.01
2016-05,Venezuela,199309.28
2016-06,Argentina,54690.39
2016-06,Austria,55699.38
2016-06,Belgium,63184.21
2016-06,Brazil,284509.85
2016-06,Canada,116107.75
2016-06,Denmark,142130.04
2016-06,Finland,60416.27
2016-06,France,415819.3
2016-06,Germany,451456.74
2016-06,Ireland,34516.5
2016-06,Italy,88670.99
2016-06,Mexico,300458.02
2016-06,Norway,67449.09
2016-06,Poland,60151.29
2016-06,Spain,124489.68
2016-06,Sweden,83226.54
2016-06,Switzerland,154715.83
2016-06,UK,228262.92
2016-06,USA,404182.99
2016-06,Venezuela,102355.76
2016-07,Argentina,63285.38
2016-07,Austria,31346.52
2016-07,Belgium,125327.42
2016-07,Brazil,417770.11
2016-07,Canada,156519.63
2016-07,Denmark,10759.64
2016-07,Finland,48774.46
2016-07,France,218182.75
2016-07,Germany,561748.13
2016-07,Italy,91938.96
2016-07,Mexico,152288.02
2016-07,Norway,29800.69
2016-07,Poland,81833.37
2016-07,Portugal,186359.93
2016-07,Spain,284878.94
2016-07,Sweden,58814.67
2016-07,Switzerland,155169.4
2016-07,UK,320891.16
2016-07,USA,421358.39
2016-07,Venezuela,252652.6
2016-08,Argentina,57393.19
2016-08,Austria,121772.3
2016-08,Brazil,251459.33
2016-08,Denmark,28150.47
2016-08,Finland,42330.81
2016-08,France,399480.66
2016-08,Germany,364054.11
2016-08,Ireland,38931.51
2016-08,Italy,74371.03
2016-08,Mexico,108281.78
2016-08,Poland,17206.0
2016-08,Portugal,89903.14
2016-08,Spain,56209.46
2016-08,Sweden,42974.72
2016-08,Switzerland,119107.76
2016-08,UK,506128.89
2016-08,USA,732046.27
2016-08,Venezuela,234994.56
2016-09,Argentina,99699.03
2016-09,Belgium,29523.24
2016-09,Brazil,330543.01
2016-09,Canada,71111.34
2016-09,Denmark,28258.49
2016-09,Finland,86719.7
2016-09,France,523702.32
2016-09,Germany,594663.57
2016-09,Ireland,4407.0
2016-09,Italy,81293.76
2016-09,Mexico,152264.65
2016-09,Norway,105641.6
2016-09,Poland,5276.0
2016-09,Portugal,33018.41
2016-09,Spain,142040.63
2016-09,Sweden,83329.16
2016-09,Switzerland,225060.57
2016-09,UK,265797.5
2016-09,USA,467723.92
2016-09,Venezuela,1050.6
2016-10,Argentina,10303.34
2016-10,Austria,2286.7
2016-10,Belgium,955.9
2016-10,Brazil,310813.24
2016-10,Canada,133445.22
2016-10,Denmark,97714.24
2016-10,Finland,208597.56
2016-10,France,557014.41
2016-10,Germany,543387.4
2016-10,Ireland,41703.76
2016-10,Italy,166010.85
2016-10,Mexico,79664.71
2016-10,Norway,14628.68
2016-10,Portugal,201122.34
2016-10,Spain,127880.76
2016-10,Sweden,65515.44
2016-10,Switzerland,69100.91
2016-10,UK,196738.19
2016-10,USA,359622.78
2016-10,Venezuela,75653.95
2016-11,Argentina,197179.42
2016-11,Austria,31905.26
2016-11,Brazil,261333.79
2016-11,Canada,81891.39
2016-11,Denmark,834.2
2016-11,Finland,43925.36
2016-11,France,509530.54
2016-11,Germany,363885.38
2016-11,Ireland,91308.53
2016-11,Italy,91129.18
2016-11,Mexico,164701.93
2016-11,Norway,34311.51
2016-11,Poland,52679.05
2016-11,Portugal,136.3
2016-11,Spain,155316.16
2016-11,Sweden,54072.87
2016-11,Switzerland,48877.66
2016-11,UK,227022.39
2016-11,USA,566586.52
2016-11,Venezuela,176222.46
2016-12,Argentina,142756.27
2016-12,Austria,52636.92
2016-12,Belgium,125225.8
2016-12,Brazil,374640.05
2016-12,Canada,44720.91
2016-12,Denmark,120113.16
2016-12,Finland,103887.64
2016-12,France,612163.42
2016-12,Germany,470818.07
2016-12,Ireland,2680.22
2016-12,Italy,240792.05
2016-12,Mexico,175979.53
2016-12,Norway,93334.39
2016-12,Poland,459.0
2016-12,Portugal,82594.97
2016-12,Spain,196294.18
2016-12,Sweden,2325.6
2016-12,Switzerland,180274.2
2016-12,UK,237717.42
2016-12,USA,348002.24
2016-12,Venezuela,46857.79
2017-01,Argentina,177222.59
2017-01,Austria,106951.1
2017-01,Belgium,63275.96
2017-01,Brazil,370205.52
2017-01,Canada,78559.04
2017-01,Denmark,79437.01
2017-01,Finland,59583.47
2017-01,France,199970.1
2017-01,Germany,498971.32
2017-01,Ireland,36068.28
2017-01,Italy,129627.85
2017-01,Mexico,264839.84
2017-01,Norway,6643.1
2017-01,Poland,34738.22
2017-01,Portugal,105627.63
2017-01,Spain,154219.18
2017-01,Sweden,25721.95
2017-01,Switzerland,184372.22
2017-01,UK,277105.36
2017-01,USA,476600.32
2017-01,Venezuela,116414.46
2017-02,Argentina,71369.85
2017-02,Austria,59173.41
2017-02,Belgium,3891.0
2017-02,Brazil,263016.21
2017-02,Canada,42338.49
2017-02,Denmark,101992.76
2017-02,Finland,24725.45
2017-02,France,372761.95
2017-02,Germany,605839.2
2017-02,Italy,70815.4
2017-02,Mexico,30652.29
2017-02,Portugal,53596.21
2017-02,Spain,39377.73
2017-02,Sweden,70716.34
2017-02,Switzerland,71653.99
2017-02,UK,264800.98
2017-02,USA,383825.42
2017-02,Venezuela,66087.2
2017-03,Argentina,75700.48
2017-03,Austria,153364.91
2017-03,Belgium,2218.48
2017-03,Brazil,269019.77
2017-03,Canada,193353.52
2017-03,Denmark,62100.08
2017-03,Finland,51997.26
2017-03,France,376836.1
2017-03,Germany,547089.34
2017-03,Ireland,8147.55
2017-03,Italy,172259.42
2017-03,Mexico,159431.44
2017-03,Norway,47665.66
2017-03,Portugal,195546.14
2017-03,Spain,178265.35
2017-03,Sweden,80691.27
2017-03,Switzerland,84498.33
2017-03,UK,235855.99
2017-03,USA,598654.98
2017-03,Venezuela,330620.48
2017-04,Argentina,152385.88
2017-04,Austria,75040.05
2017-04,Belgium,42331.81
2017-04,Brazil,308186.19
2017-04,Canada,70963.96
2017-04,Denmark,172600.35
2017-04,Finland,96012.99
2017-04,France,304387.69
2017-04,Germany,512962.54
2017-04,Ireland,4429.55
2017-04,Italy,86447.92
2017-04,Mexico,218424.88
2017-04,Norway,22951.13
2017-04,Portugal,170303.62
2017-04,Spain,37054.23
2017-04,Sweden,21091.65
2017-04,Switzerland,107157.19
2017-04,UK,121218.4
2017-04,USA,423825.75
2017-04,Venezuela,71213.96
2017-05,Argentina,151226.78
2017-05,Austria,78536.45
2017-05,Belgium,187542.43
2017-05,Brazil,611013.38
2017-05,Canada,194824.09
2017-05,Denmark,37540.63
2017-05,Finland,54206.58
2017-05,France,393698.78
2017-05,Germany,694342.34
2017-05,Ireland,86948.74
2017-05,Italy,34068.89
2017-05,Mexico,172887.77
2017-05,Norway,79353.01
2017-05,Poland,35570.65
2017-05,Portugal,58059.53
2017-05,Spain,44114.27
2017-05,Sweden,122767.93
2017-05,Switzerland,46273.8
2017-05,UK,431007.83
2017-05,USA,629149.28
2017-05,Venezuela,221819.85
2017-06,Argentina,180879.27
2017-06,Austria,68714.75
2017-06,Belgium,104233.79
2017-06,Brazil,201750.86
2017-06,Canada,112828.31
2017-06,Denmark,91004.55
2017-06,Finland,126407.51
2017-06,France,360884.54
2017-06,Germany,189464.15
2017-06,Ireland,2519.0
2017-06,Italy,105376.96
2017-06,Mexico,339442.17
2017-06,Poland,138440.06
2017-06,Portugal,47605.04
2017-06,Spain,116321.33
2017-06,Sweden,4345.59
2017-06,Switzerland,43101.8
2017-06,UK,201486.22
2017-06,USA,368500.88
2017-06,Venezuela,192133.47
2017-07,Argentina,80155.52
2017-07,Austria,24188.93
2017-07,Belgium,115158.72
2017-07,Brazil,329558.94
2017-07,Canada,40645.32
2017-07,Denmark,1039.75
2017-07,Finland,119652.43
2017-07,France,225047.4
2017-07,Germany,416338.12
2017-07,Ireland,34389.58
2017-07,Italy,104443.41
2017-07,Mexico,211393.45
2017-07,Norway,109384.42
2017-07,Poland,25952.2
2017-07,Portugal,15704.35
2017-07,Spain,255107.89
2017-07,Sweden,131401.87
2017-07,Switzerland,57231.09
2017-07,UK,120908.69
2017-07,USA,444609.78
2017-07,Venezuela,23379.95
2017-08,Argentina,45306.57
2017-08,Austria,188625.02
2017-08,Belgium,12606.15
2017-08,Brazil,429229.99
2017-08,Canada,137161.9
2017-08,Denmark,21838.99
2017-08,Finland,91880.82
2017-08,France,102981.89
2017-08,Germany,422356.57
2017-08,Ireland,38357.34
2017-08,Italy,134142.14
2017-08,Mexico,440845.85
2017-08,Norway,3202.05
2017-08,Portugal,55011.96
2017-08,Spain,222769.32
2017-08,Sweden,129475.67
2017-08,Switzerland,25199.1
2017-08,UK,315308.39
2017-08,USA,488674.13
2017-08,Venezuela,36050.32
2017-09,Argentina,42530.39
2017-09,Austria,2941.25
2017-09,Belgium,64847.6
2017-09,Brazil,104138.59
2017-09,Canada,45399.6
2017-09,Denmark,44536.48
2017-09,Finland,85167.96
2017-09,France,535443.32
2017-09,Germany,306969.05
2017-09,Ireland,5523.5
2017-09,Italy,58353.86
2017-09,Mexico,104410.93
2017-09,Norway,71448.12
2017-09,Poland,134506.5
2017-09,Portugal,23135.84
2017-09,Spain,253560.4
2017-09,Sweden,4417.08
2017-09,Switzerland,219588.11
2017-09,UK,149892.74
2017-09,USA,363962.54
2017-09,Venezuela,186593.9
2017-10,Argentina,237296.81
2017-10,Austria,92989.07
2017-10,Belgium,35554.14
2017-10,Brazil,534802.53
2017-10,Canada,69037.18
2017-10,Denmark,85252.64
2017-10,Finland,76664.52
2017-10,France,500849.96
2017-10,Germany,717268.16
2017-10,Ireland,49499.99
2017-10,Italy,92310.94
2017-10,Mexico,140230.92
2017-10,Norway,48614.51
2017-10,Poland,59734.3
2017-10,Portugal,56414.34
2017-10,Spain,202270.82
2017-10,Sweden,66569.3
2017-10,Switzerland,78032.1
2017-10,UK,302881.12
2017-10,USA,354238.28
2017-10,Venezuela,169479.85
2017-11,Argentina,40130.29
2017-11,Austria,149360.25
2017-11,Belgium,85266.63
2017-11,Brazil,115136.8
2017-11,Canada,84900.49
2017-11,Denmark,62157.57
2017-11,Finland,113441.59
2017-11,France,576799.75
2017-11,Germany,435639.77
2017-11,Ireland,29306.79
2017-11,Italy,32352.22
2017-11,Mexico,239326.24
2017-11,Norway,118716.38
2017-11,Spain,266365.43
2017-11,Sweden,51754.06
2017-11,Switzerland,131249.53
2017-11,UK,524681.88
2017-11,USA,397816.43
2017-11,Venezuela,163966.31
2017-12,Argentina,180994.25
2017-12,Austria,108858.8
2017-12,Belgium,95524.82
2017-12,Brazil,267794.37
2017-12,Canada,171582.58
2017-12,Denmark,64012.21
2017-12,Finland,38254.77
2017-12,France,219575.19
2017-12,Germany,410873.36
2017-12,Ireland,8629.5
2017-12,Italy,88365.27
2017-12,Mexico,281280.87
2017-12,Poland,27847.61
2017-12,Portugal,134526.44
2017-12,Spain,17664.22
2017-12,Sweden,167831.79
2017-12,Switzerland,110660.38
2017-12,UK,284463.7
2017-12,USA,552122.44
2017-12,Venezuela,111110.09
2018-01,Argentina,234244.59
2018-01,Austria,8407.0
2018-01,Belgium,103278.3
2018-01,Brazil,299658.25
2018-01,Canada,58263.33
2018-01,Denmark,46691.55
2018-01,Finland,101964.44
2018-01,France,495099.22
2018-01,Germany,531572.57
2018-01,Ireland,3318.31
2018-01,Italy,125861.34
2018-01,Mexico,350853.9
2018-01,Norway,2684.4
2018-01,Portugal,113754.22
2018-01,Spain,316956.85
2018-01,Sweden,103025.39
2018-01,Switzerland,29926.93
2018-01,UK,322875.42
2018-01,USA,550114.29
2018-01,Venezuela,252476.26
2018-02,Argentina,35599.53
2018-02,Austria,6379.4
2018-02,Belgium,106102.33
2018-02,Brazil,214874.05
2018-02,Canada,44361.37
2018-02,Denmark,168078.98
2018-02,Finland,25842.33
2018-02,France,360400.92
2018-02,Germany,614038.59
2018-02,Ireland,82239.56
2018-02,Italy,188370.54
2018-02,Mexico,156473.17
2018-02,Norway,22174.4
2018-02,Poland,42169.64
2018-02,Portugal,40758.46
2018-02,Spain,21550.56
2018-02,Sweden,7169.18
2018-02,Switzerland,125350.3
2018-02,UK,418559.81
2018-02,USA,229005.11
2018-02,Venezuela,94554.7
2018-03,Argentina,46224.02
2018-03,Austria,75167.08
2018-03,Belgium,92442.96
2018-03,Brazil,390558.73
2018-03,Canada,107854.57
2018-03,Denmark,112775.72
2018-03,Finland,35398.24
2018-03,France,212534.07
2018-03,Germany,627625.32
2018-03,Ireland,52147.16
2018-03,Italy,70285.18
2018-03,Mexico,152053.05
2018-03,Norway,33116.63
2018-03,Poland,125373.52
2018-03,Portugal,115088.52
2018-03,Spain,23900.1
2018-03,Sweden,4391.1
2018-03,Switzerland,51837.39
2018-03,UK,138896.09
2018-03,USA,199723.07
2018-03,Venezuela,24495.49
2018-04,Argentina,57391.25
2018-04,Austria,69361.01
2018-04,Belgium,101287.35
2018-04,Brazil,231198.92
2018-04,Canada,151690.45
2018-04,Denmark,28370.01
2018-04,Finland,200779.25
2018-04,France,172356.52
2018-04,Germany,481389.1
2018-04,Ireland,1342.95
2018-04,Italy,173445.77
2018-04,Mexico,109336.64
2018-04,Norway,622.35
2018-04,Poland,33893.7
2018-04,Portugal,30241.96
2018-04,Spain,62041.9
2018-04,Sweden,97175.18
2018-04,Switzerland,149601.99
2018-04,UK,248400.52
2018-04,USA,564468.71
2018-04,Venezuela,122749.84
2018-05,Argentina,115788.39
2018-05,Austria,5218.0
2018-05,Belgium,107194.03
2018-05,Brazil,238467.98
2018-05,Canada,81869.67
2018-05,Denmark,56224.19
2018-05,Finland,89393.74
2018-05,France,381370.53
2018-05,Germany,415841.86
2018-05,Ireland,107137.94
2018-05,Italy,260578.32
2018-05,Mexico,132087.5
2018-05,Portugal,48650.83
2018-05,Spain,94723.38
2018-05,Sweden,93981.78
2018-05,Switzerland,498.1
2018-05,UK,291852.18
2018-05,USA,437690.08
2018-05,Venezuela,290396.05
2018-06,Argentina,95605.94
2018-06,Austria,82490.19
2018-06,Belgium,4252.25
2018-06,Brazil,320851.05
2018-06,Canada,154980.74
2018-06,Denmark,14903.65
2018-06,Finland,131109.56
2018-06,France,211762.88
2018-06,Germany,386506.73
2018-06,Italy,160416.51
2018-06,Mexico,187023.46
2018-06,Norway,50536.84
2018-06,Poland,96801.1
2018-06,Portugal,68988.91
2018-06,Spain,182948.18
2018-06,Sweden,109108.49
2018-06,Switzerland,76990.13
2018-06,UK,264858.7
2018-06,USA,475018.35
2018-06,Venezuela,167206.02
2018-07,Argentina,182975.35
2018-07,Austria,53449.23
2018-07,Belgium,38340.38
2018-07,Brazil,296414.61
2018-07,Canada,101706.39
2018-07,Denmark,140780.9
2018-07,Finland,76661.66
2018-07,France,320496.07
2018-07,Germany,290822.3
2018-07,Italy,36934.88
2018-07,Mexico,115792.19
2018-07,Norway,37748.1
2018-07,Poland,45659.97
2018-07,Portugal,150519.07
2018-07,Spain,193820.89
2018-07,Sweden,43872.22
2018-07,Switzerland,59010.56
2018-07,UK,179060.87
2018-07,USA,390495.11
2018-07,Venezuela,146893.71
2018-08,Argentina,282079.0
2018-08,Austria,138855.13
2018-08,Belgium,208325.85
2018-08,Brazil,335838.19
2018-08,Canada,43678.46
2018-08,Denmark,57574.73
2018-08,Finland,20933.85
2018-08,France,577833.79
2018-08,Germany,423922.39
2018-08,Ireland,153588.52
2018-08,Italy,41679.75
2018-08,Mexico,168960.33
2018-08,Norway,45418.28
2018-08,Portugal,19206.75
2018-08,Spain,39713.46
2018-08,Sweden,111571.14
2018-08,UK,263128.5
2018-08,USA,234900.24
2018-08,Venezuela,118928.08
2018-09,Argentina,52553.87
2018-09,Austria,12933.85
2018-09,Belgium,61600.63
2018-09,Brazil,364177.74
2018-09,Canada,83467.45
2018-09,Denmark,231828.58
2018-09,France,440507.33
2018-09,Germany,517537.52
2018-09,Ireland,80622.3
2018-09,Italy,55756.31
2018-09,Mexico,80848.41
2018-09,Norway,43057.81
2018-09,Poland,56185.56
2018-09,Portugal,77992.45
2018-09,Spain,149953.15
2018-09,Sweden,90950.29
2018-09,Switzerland,108088.61
2018-09,UK,444481.11
2018-09,USA,409019.29
2018-09,Venezuela,63337.19
2018-10,Argentina,35516.27
2018-10,Austria,65555.41
2018-10,Belgium,67304.61
2018-10,Brazil,279498.83
2018-10,Canada,107911.11
2018-10,Denmark,10024.5
2018-10,Finland,21996.05
2018-10,France,318121.69
2018-10,Germany,359202.48
2018-10,Ireland,49879.7
2018-10,Italy,164602.62
2018-10,Mexico,263311.75
2018-10,Portugal,151705.6
2018-10,Spain,111531.94
2018-10,Sweden,42790.31
2018-10,Switzerland,99417.97
2018-10,UK,144680.42
2018-10,USA,468619.25
2018-10,Venezuela,28121.45
2018-11,Argentina,113027.93
2018-11,Austria,120748.8
2018-11,Belgium,48970.27
2018-11,Brazil,280595.17
2018-11,Canada,57507.31
2018-11,Denmark,84288.37
2018-11,Finland,80872.17
2018-11,France,297129.02
2018-11,Germany,336198.37
2018-11,Ireland,36512.08
2018-11,Italy,134020.31
2018-11,Mexico,43210.62
2018-11,Norway,40808.91
2018-11,Poland,49957.1
2018-11,Portugal,117354.22
2018-11,Spain,176284.8
2018-11,Sweden,60808.08
2018-11,Switzerland,47849.66
2018-11,UK,337264.63
2018-11,USA,552344.99
2018-11,Venezuela,97292.09
2018-12,Argentina,55700.86
2018-12,Austria,144332.24
2018-12,Belgium,80230.02
2018-12,Brazil,383339.02
2018-12,Canada,32454.6
2018-12,Denmark,51117.54
2018-12,Finland,56044.57
2018-12,France,578090.58
2018-12,Germany,310144.24
2018-12,Italy,181734.23
2018-12,Mexico,125339.92
2018-12,Norway,53661.26
2018-12,Portugal,37762.14
2018-12,Spain,159605.2
2018-12,Sweden,151366.52
2018-12,Switzerland,108516.76
2018-12,UK,278728.02
2018-12,USA,491237.73
2018-12,Venezuela,206453.66
2019-01,Argentina,74997.47
2019-01,Austria,52422.89
2019-01,Belgium,46041.18
2019-01,Brazil,298634.66
2019-01,Canada,127526.22
2019-01,Denmark,53440.32
2019-01,France,298621.01
2019-01,Germany,303382.26
2019-01,Ireland,70179.33
2019-01,Italy,38894.31
2019-01,Mexico,279320.27
2019-01,Norway,49241.68
2019-01,Poland,82862.6
2019-01,Portugal,48395.67
2019-01,Spain,302036.06
2019-01,Sweden,83644.13
2019-01,Switzerland,119328.41
2019-01,UK,227736.55
2019-01,USA,388995.9
2019-01,Venezuela,206056.4
2019-02,Argentina,114153.59
2019-02,Austria,33276.44
2019-02,Belgium,54290.13
2019-02,Brazil,260213.67
2019-02,Canada,94729.25
2019-02,Denmark,84820.72
2019-02,Finland,61534.6
2019-02,France,402191.91
2019-02,Germany,529700.76
2019-02,Italy,175665.94
2019-02,Mexico,225101.41
2019-02,Poland,69475.17
2019-02,Spain,172949.92
2019-02,Sweden,61001.04
2019-02,Switzerland,23377.4
2019-02,UK,209787.48
2019-02,USA,195328.9
2019-02,Venezuela,128353.98
2019-03,Argentina,55710.53
2019-03,Austria,103945.09
2019-03,Belgium,101235.24
2019-03,Brazil,231646.55
2019-03,Canada,222858.98
2019-03,Denmark,72424.99
2019-03,Finland,89541.58
2019-03,France,383658.7
2019-03,Germany,338768.95
2019-03,Ireland,17025.49
2019-03,Italy,147340.73
2019-03,Mexico,322562.67
2019-03,Norway,28662.04
2019-03,Spain,147538.47
2019-03,Sweden,57080.39
2019-03,Switzerland,51111.04
2019-03,UK,398223.47
2019-03,USA,244526.67
2019-03,Venezuela,177045.27
2019-04,Argentina,137146.16
2019-04,Austria,63079.78
2019-04,Belgium,167580.91
2019-04,Brazil,341327.54
2019-04,Canada,36759.99
2019-04,Denmark,101825.75
2019-04,Finland,42672.84
2019-04,France,347454.73
2019-04,Germany,437124.66
2019-04,Ireland,23344.35
2019-04,Italy,66442.17
2019-04,Mexico,237559.27
2019-04,Norway,66098.92
2019-04,Poland,29513.78
2019-04,Portugal,40368.86
2019-04,Spain,40476.53
2019-04,Sweden,155867.8
2019-04,Switzerland,41485.09
2019-04,UK,336720.44
2019-04,USA,605981.7
2019-04,Venezuela,260163.68
2019-05,Argentina,223657.07
2019-05,Austria,42906.65
2019-05,Belgium,77047.22
2019-05,Brazil,276108.01
2019-05,Canada,246200.86
2019-05,Denmark,48600.48
2019-05,Finland,95612.43
2019-05,France,304173.3
2019-05,Germany,509551.53
2019-05,Ireland,4065.05
2019-05,Italy,71356.43
2019-05,Mexico,245566.41
2019-05,Norway,50010.24
2019-05,Poland,10904.01
2019-05,Portugal,104562.18
2019-05,Spain,134690.55
2019-05,Sweden,164756.14
2019-05,Switzerland,36107.03
2019-05,UK,254224.11
2019-05,USA,552754.16
2019-05,Venezuela,109430.12
2019-06,Argentina,86605.3
2019-06,Austria,141228.05
2019-06,Brazil,217571.62
2019-06,Canada,146688.88
2019-06,Denmark,1337.1
2019-06,Finland,3595.0
2019-06,France,410726.91
2019-06,Germany,280207.38
2019-06,Ireland,59381.25
2019-06,Italy,57336.78
2019-06,Mexico,126647.06
2019-06,Spain,231189.19
2019-06,Sweden,97905.65
2019-06,Switzerland,57246.64
2019-06,UK,619013.9
2019-06,USA,526432.7
2019-06,Venezuela,178339.75
2019-07,Argentina,83392.7
2019-07,Austria,20991.3
2019-07,Belgium,147761.98
2019-07,Brazil,407328.64
2019-07,Canada,138069.94
2019-07,Denmark,55878.96
2019-07,Finland,56907.0
2019-07,France,430001.81
2019-07,Germany,366399.88
2019-07,Ireland,53867.16
2019-07,Italy,76092.36
2019-07,Mexico,72148.76
2019-07,Norway,57745.46
2019-07,Poland,131060.05
2019-07,Portugal,36195.11
2019-07,Spain,128377.25
2019-07,Sweden,71303.98
2019-07,Switzerland,28145.39
2019-07,UK,154898.95
2019-07,USA,386211.07
2019-07,Venezuela,260489.65
2019-08,Argentina,173327.83
2019-08,Austria,92581.55
2019-08,Brazil,293444.09
2019-08,Canada,54840.06
2019-08,Denmark,104893.95
2019-08,Finland,93074.57
2019-08,France,265328.98
2019-08,Germany,594308.42
2019-08,Ireland,70097.19
2019-08,Italy,8175.25
2019-08,Mexico,64328.26
2019-08,Norway,11883.5
2019-08,Poland,17148.6
2019-08,Spain,283111.26
2019-08,Sweden,136361.12
2019-08,Switzerland,96270.65
2019-08,UK,261346.97
2019-08,USA,315135.22
2019-08,Venezuela,143113.35
2019-09,Argentina,119937.09
2019-09,Austria,288717.76
2019-09,Belgium,123799.64
2019-09,Brazil,278007.04
2019-09,Canada,107705.96
2019-09,Denmark,39281.52
2019-09,Finland,159029.85
2019-09,France,312501.74
2019-09,Germany,180083.96
2019-09,Ireland,12829.7
2019-09,Italy,90380.3
2019-09,Mexico,172808.02
2019-09,Poland,26105.85
2019-09,Portugal,56865.03
2019-09,Spain,124224.19
2019-09,Sweden,132164.46
2019-09,Switzerland,78483.87
2019-09,UK,367693.65
2019-09,USA,233287.78
2019-09,Venezuela,189995.78
2019-10,Argentina,153369.8
2019-10,Austria,214191.2
2019-10,Belgium,10509.46
2019-10,Brazil,396314.3
2019-10,Canada,228050.94
2019-10,Denmark,56311.89
2019-10,Finland,51559.58
2019-10,France,215915.63
2019-10,Germany,576920.6
2019-10,Italy,307468.95
2019-10,Mexico,149338.04
2019-10,Norway,21246.1
2019-10,Poland,26895.49
2019-10,Spain,62482.87
2019-10,Sweden,141375.6
2019-10,Switzerland,24530.41
2019-10,UK,248710.43
2019-10,USA,455163.26
2019-10,Venezuela,5973.27
2019-11,Argentina,133781.45
2019-11,Austria,73991.0
2019-11,Brazil,385637.16
2019-11,Canada,79550.92
2019-11,Denmark,37539.62
2019-11,Finland,89114.04
2019-11,France,106040.99
2019-11,Germany,380019.46
2019-11,Italy,96548.67
2019-11,Mexico,277183.7
2019-11,Norway,28590.88
2019-11,Poland,33801.83
2019-11,Portugal,7208.25
2019-11,Spain,144939.76
2019-11,Sweden,65831.11
2019-11,Switzerland,43256.3
2019-11,UK,214980.82
2019-11,USA,393412.62
2019-11,Venezuela,226137.41
2019-12,Argentina,25336.7
2019-12,Austria,85366.5
2019-12,Belgium,149003.47
2019-12,Brazil,688423.91
2019-12,Canada,71619.55
2019-12,Denmark,117005.04
2019-12,Finland,34916.56
2019-12,France,213054.57
2019-12,Germany,529165.87
2019-12,Italy,48615.95
2019-12,Mexico,176360.26
2019-12,Poland,90422.24
2019-12,Portugal,65660.32
2019-12,Spain,124042.56
2019-12,Sweden,63923.73
2019-12,Switzerland,121471.17
2019-12,UK,149515.37
2019-12,USA,504216.33
2019-12,Venezuela,137659.97
2020-01,Argentina,159279.67
2020-01,Austria,13773.97
2020-01,Belgium,64969.75
2020-01,Brazil,362087.68
2020-01,Canada,203337.36
2020-01,Denmark,103290.62
2020-01,Finland,59220.62
2020-01,France,384645.88
2020-01,Germany,473697.85
2020-01,Ireland,54692.04
2020-01,Italy,83357.13
2020-01,Mexico,123887.65
2020-01,Poland,61520.11
2020-01,Portugal,16578.78
2020-01,Spain,48495.18
2020-01,Sweden,134218.85
2020-01,Switzerland,68234.49
2020-01,UK,303789.78
2020-01,USA,634870.62
2020-01,Venezuela,69826.26
2020-02,Argentina,172020.25
2020-02,Austria,68334.14
2020-02,Belgium,47511.18
2020-02,Brazil,403260.22
2020-02,Canada,8666.96
2020-02,Denmark,114158.19
2020-02,Finland,52513.29
2020-02,France,335874.03
2020-02,Germany,468159.85
2020-02,Italy,123086.67
2020-02,Mexico,65376.82
2020-02,Portugal,39279.64
2020-02,Spain,100071.07
2020-02,Sweden,24283.46
2020-02,Switzerland,23715.83
2020-02,UK,467145.35
2020-02,USA,698696.49
2020-02,Venezuela,255490.82
2020-03,Argentina,153715.39
2020-03,Belgium,81445.03
2020-03,Brazil,409935.29
2020-03,Canada,84122.09
2020-03,Denmark,13176.77
2020-03,Finland,61979.75
2020-03,France,240588.04
2020-03,Germany,373224.23
2020-03,Italy,145303.03
2020-03,Mexico,206703.5
2020-03,Norway,18880.22
2020-03,Portugal,105720.25
2020-03,Spain,112853.74
2020-03,Sweden,78881.75
2020-03,Switzerland,68608.09
2020-03,UK,26889.87
2020-03,USA,620938.13
2020-03,Venezuela,215744.68
2020-04,Argentina,80963.13
2020-04,Austria,10793.75
2020-04,Belgium,34183.35
2020-04,Brazil,344558.41
2020-04,Canada,60326.49
2020-04,Denmark,14473.35
2020-04,Finland,88878.51
2020-04,France,480426.91
2020-04,Germany,124296.9
2020-04,Italy,73800.08
2020-04,Mexico,110718.1
2020-04,Portugal,64371.32
2020-04,Spain,206214.81
2020-04,Sweden,133304.23
2020-04,Switzerland,26678.11
2020-04,UK,295933.41
2020-04,USA,431950.24
2020-04,Venezuela,73601.47
2020-05,Argentina,71410.76
2020-05,Austria,51845.7
2020-05,Belgium,18506.52
2020-05,Brazil,489514.61
2020-05,Canada,54765.9
2020-05,Denmark,45669.69
2020-05,Finland,52926.86
2020-05,France,392988.83
2020-05,Germany,351714.15
2020-05,Ireland,107633.5
2020-05,Italy,101612.38
2020-05,Mexico,87035.65
2020-05,Norway,92158.39
2020-05,Poland,50603.02
2020-05,Portugal,51099.03
2020-05,Spain,68995.77
2020-05,Sweden,67566.51
2020-05,Switzerland,99811.65
2020-05,UK,267512.84
2020-05,USA,403000.19
2020-05,Venezuela,195921.76
2020-06,Argentina,153802.83
2020-06,Austria,107255.72
2020-06,Brazil,157813.53
2020-06,Canada,85187.47
2020-06,Denmark,8409.75
2020-06,Finland,8731.38
2020-06,France,337136.16
2020-06,Germany,539241.62
2020-06,Ireland,47878.45
2020-06,Italy,40443.57
2020-06,Mexico,255272.36
2020-06,Norway,49774.03
2020-06,Poland,30555.01
2020-06,Portugal,74074.05
2020-06,Spain,90514.75
2020-06,Switzerland,61753.28
2020-06,UK,212849.7
2020-06,USA,435783.44
2020-06,Venezuela,174867.07
2020-07,Argentina,101669.33
2020-07,Austria,43010.25
2020-07,Belgium,104622.89
2020-07,Brazil,393981.94
2020-07,Canada,130300.95
2020-07,Denmark,3476.0
2020-07,Finland,78895.68
2020-07,France,575408.07
2020-07,Germany,602186.81
2020-07,Italy,155122.42
2020-07,Mexico,89155.5
2020-07,Poland,53926.31
2020-07,Portugal,29973.53
2020-07,Spain,198306.13
2020-07,Sweden,54756.99
2020-07,Switzerland,5258.2
2020-07,UK,196062.58
2020-07,USA,647372.64
2020-07,Venezuela,179880.37
2020-08,Argentina,216195.92
2020-08,Austria,64833.21
2020-08,Belgium,52126.85
2020-08,Brazil,345488.76
2020-08,Canada,164127.08
2020-08,Denmark,57709.29
2020-08,Finland,100223.37
2020-08,France,426631.62
2020-08,Germany,570896.61
2020-08,Ireland,42908.93
2020-08,Italy,51735.65
2020-08,Mexico,181267.65
2020-08,Poland,103359.95
2020-08,Portugal,82740.57
2020-08,Spain,262371.44
2020-08,Sweden,6507.65
2020-08,Switzerland,172490.43
2020-08,UK,256616.54
2020-08,USA,532876.35
2020-08,Venezuela,102981.68
2020-09,Argentina,382626.45
2020-09,Belgium,52599.64
2020-09,Brazil,718152.42
2020-09,Canada,110762.47
2020-09,Denmark,98273.02
2020-09,Finland,11247.3
2020-09,France,569641.06
2020-09,Germany,632324.95
2020-09,Ireland,13002.4
2020-09,Italy,70382.19
2020-09,Mexico,192352.98
2020-09,Norway,19049.68
2020-09,Poland,7298.85
2020-09,Portugal,79752.66
2020-09,Spain,43400.98
2020-09,Sweden,25431.49
2020-09,Switzerland,53486.11
2020-09,UK,89230.59
2020-09,USA,544181.73
2020-09,Venezuela,69981.37
2020-10,Argentina,121759.99
2020-10,Austria,73610.03
2020-10,Belgium,50820.5
2020-10,Brazil,263395.37
2020-10,Canada,38817.04
2020-10,Denmark,113769.6
2020-10,Finland,6851.5
2020-10,France,482488.24
2020-10,Germany,354720.59
2020-10,Ireland,19757.24
2020-10,Italy,64276.04
2020-10,Mexico,156449.44
2020-10,Poland,44768.83
2020-10,Portugal,12296.59
2020-10,Spain,189097.01
2020-10,Sweden,36922.29
2020-10,Switzerland,23793.18
2020-10,UK,245701.78
2020-10,USA,582331.07
2020-10,Venezuela,178864.31
2020-11,Argentina,44790.97
2020-11,Austria,95086.11
2020-11,Brazil,273343.44
2020-11,Canada,105701.75
2020-11,Denmark,37526.98
2020-11,Finland,67701.02
2020-11,France,315879.75
2020-11,Germany,336651.01
2020-11,Italy,125707.23
2020-11,Mexico,276032.5
2020-11,Norway,52554.48
2020-11,Poland,81543.62
2020-11,Portugal,47780.47
2020-11,Spain,132074.59
2020-11,Sweden,73778.46
2020-11,UK,136814.18
2020-11,USA,534017.3
2020-11,Venezuela,231211.49
2020-12,Argentina,156854.76
2020-12,Austria,55722.43
2020-12,Belgium,25139.55
2020-12,Brazil,284964.88
2020-12,Canada,143403.0
2020-12,Denmark,103189.84
2020-12,Finland,66153.82
2020-12,France,356076.94
2020-12,Germany,505453.63
2020-12,Ireland,88663.66
2020-12,Italy,93741.46
2020-12,Mexico,62602.55
2020-12,Norway,17320.22
2020-12,Portugal,150723.52
2020-12,Spain,73473.99
2020-12,Sweden,75105.93
2020-12,Switzerland,78811.84
2020-12,UK,255484.23
2020-12,USA,326826.44
2020-12,Venezuela,134164.78
2021-01,Argentina,153816.14
2021-01,Austria,78587.8
2021-01,Belgium,52146.19
2021-01,Brazil,376889.01
2021-01,Canada,66293.15
2021-01,Denmark,32372.94
2021-01,Finland,121674.43
2021-01,France,350306.68
2021-01,Germany,371381.69
2021-01,Italy,102500.97
2021-01,Mexico,259364.76
2021-01,Norway,133334.93
2021-01,Portugal,53406.47
2021-01,Spain,104234.08
2021-01,Sweden,44930.23
2021-01,UK,239863.51
2021-01,USA,817190.98
2021-01,Venezuela,116570.1
2021-02,Argentina,47599.41
2021-02,Belgium,65543.45
2021-02,Brazil,234007.79
2021-02,Canada,165293.64
2021-02,Denmark,34087.65
2021-02,Finland,157765.29
2021-02,France,432622.36
2021-02,Germany,446924.89
2021-02,Ireland,85776.17
2021-02,Italy,149395.66
2021-02,Mexico,183290.87
2021-02,Norway,70367.44
2021-02,Portugal,47380.18
2021-02,Spain,109743.12
2021-02,Sweden,31252.8
2021-02,Switzerland,75600.17
2021-02,UK,216310.02
2021-02,USA,341715.35
2021-02,Venezuela,58843.24
2021-03,Argentina,100927.99
2021-03,Austria,137070.02
2021-03,Belgium,153104.65
2021-03,Brazil,610960.28
2021-03,Canada,98270.72
2021-03,Denmark,60638.94
2021-03,Finland,47121.21
2021-03,France,351413.16
2021-03,Germany,300840.62
2021-03,Ireland,44999.36
2021-03,Italy,57736.52
2021-03,Mexico,241229.28
2021-03,Poland,97135.43
2021-03,Portugal,35163.72
2021-03,Spain,177271.63
2021-03,Switzerland,61592.84
2021-03,UK,364607.34
2021-03,USA,392482.36
2021-03,Venezuela,101898.41
2021-04,Argentina,179671.81
2021-04,Austria,50915.37
2021-04,Belgium,7318.65
2021-04,Brazil,288078.9
2021-04,Canada,140130.25
2021-04,Denmark,63693.89
2021-04,Finland,70367.21
2021-04,France,322731.3
2021-04,Germany,343159.28
2021-04,Italy,259860.51
2021-04,Mexico,112299.03
2021-04,Norway,50244.8
2021-04,Poland,47828.26
2021-04,Portugal,103326.94
2021-04,Spain,50046.58
2021-04,Sweden,36011.62
2021-04,Switzerland,72364.84
2021-04,UK,416745.97
2021-04,USA,562155.0
2021-04,Venezuela,78842.8
2021-05,Argentina,102010.24
2021-05,Austria,56862.92
2021-05,Belgium,35011.5
2021-05,Brazil,414898.54
2021-05,Canada,264273.54
2021-05,Denmark,49436.53
2021-05,Finland,61206.2
2021-05,France,345935.64
2021-05,Germany,235758.0
2021-05,Ireland,92332.45
2021-05,Italy,68350.76
2021-05,Mexico,86794.45
2021-05,Poland,73952.14
2021-05,Portugal,108111.6
2021-05,Spain,260107.49
2021-05,Sweden,240287.32
2021-05,Switzerland,45828.03
2021-05,UK,191705.22
2021-05,USA,516873.07
2021-05,Venezuela,70125.07
2021-06,Argentina,150406.53
2021-06,Austria,38352.96
2021-06,Belgium,96880.66
2021-06,Brazil,205323.29
2021-06,Canada,86469.86
2021-06,Denmark,65987.13
2021-06,Finland,118141.37
2021-06,France,209189.18
2021-06,Germany,427519.76
2021-06,Ireland,12553.8
2021-06,Italy,220040.03
2021-06,Mexico,219504.96
2021-06,Norway,70276.83
2021-06,Portugal,42909.04
2021-06,Spain,219442.62
2021-06,Sweden,188146.16
2021-06,Switzerland,40488.6
2021-06,UK,393457.34
2021-06,USA,525513.27
2021-06,Venezuela,180109.69
2021-07,Argentina,75666.28
2021-07,Austria,52268.75
2021-07,Belgium,47640.43
2021-07,Brazil,437739.82
2021-07,Canada,61753.86
2021-07,Denmark,171345.63
2021-07,Finland,132379.72
2021-07,France,235321.78
2021-07,Germany,324355.39
2021-07,Ireland,117572.46
2021-07,Italy,169629.23
2021-07,Mexico,271586.79
2021-07,Norway,47843.9
2021-07,Poland,44292.03
2021-07,Portugal,99211.16
2021-07,Spain,100817.0
2021-07,Sweden,197427.67
2021-07,Switzerland,40267.6
2021-07,UK,322970.04
2021-07,USA,639357.34
2021-07,Venezuela,327953.2
2021-08,Argentina,136708.45
2021-08,Austria,235326.53
2021-08,Belgium,94422.22
2021-08,Brazil,283663.99
2021-08,Canada,134322.24
2021-08,Denmark,2699.1
2021-08,Finland,132777.39
2021-08,France,274487.93
2021-08,Germany,466649.1
2021-08,Ireland,63934.33
2021-08,Italy,7007.6
2021-08,Mexico,255308.09
2021-08,Poland,66818.96
2021-08,Portugal,53616.35
2021-08,Spain,10904.45
2021-08,Sweden,11731.5
2021-08,Switzerland,63072.78
2021-08,UK,275314.72
2021-08,USA,628040.58
2021-08,Venezuela,246723.78
2021-09,Argentina,176572.15
2021-09,Austria,17022.91
2021-09,Belgium,119523.73
2021-09,Brazil,316065.38
2021-09,Canada,50865.31
2021-09,Denmark,105356.93
2021-09,France,215836.03
2021-09,Germany,213932.45
2021-09,Ireland,32086.87
2021-09,Italy,179000.1
2021-09,Mexico,347212.5
2021-09,Norway,25600.65
2021-09,Poland,38633.22
2021-09,Portugal,123627.62
2021-09,Spain,64171.84
2021-09,Sweden,152296.58
2021-09,Switzerland,254281.21
2021-09,UK,232300.28
2021-09,USA,392349.98
2021-09,Venezuela,130210.44
2021-10,Argentina,87394.04
2021-10,Belgium,113682.21
2021-10,Brazil,307352.96
2021-10,Canada,84955.46
2021-10,Denmark,95508.18
2021-10,Finland,28139.49
2021-10,France,320772.9
2021-10,Germany,461753.1
2021-10,Ireland,23914.85
2021-10,Italy,12986.4
2021-10,Mexico,310587.95
2021-10,Norway,58425.09
2021-10,Poland,68964.43
2021-10,Portugal,99320.19
2021-10,Spain,107722.94
2021-10,Sweden,48400.03
2021-10,Switzerland,112474.23
2021-10,UK,210642.59
2021-10,USA,469479.93
2021-10,Venezuela,49295.89
2021-11,Argentina,157994.83
2021-11,Belgium,72190.44
2021-11,Brazil,285185.1
2021-11,Canada,112614.52
2021-11,Denmark,28698.63
2021-11,Finland,13856.12
2021-11,France,106983.99
2021-11,Germany,604303.02
2021-11,Italy,231398.05
2021-11,Mexico,224762.4
2021-11,Norway,49685.12
2021-11,Poland,112944.03
2021-11,Portugal,26398.65
2021-11,Spain,72882.66
2021-11,Sweden,83240.15
2021-11,Switzerland,119260.71
2021-11,UK,534087.71
2021-11,USA,464584.01
2021-11,Venezuela,107820.15
2021-12,Argentina,293774.3
2021-12,Austria,47904.26
2021-12,Belgium,85661.8
2021-12,Brazil,471685.59
2021-12,Canada,152942.6
2021-12,Denmark,154693.51
2021-12,Finland,104920.97
2021-12,France,715486.99
2021-12,Germany,466328.58
2021-12,Italy,82831.91
2021-12,Mexico,324647.24
2021-12,Norway,52825.93
2021-12,Poland,56236.32
2021-12,Portugal,55917.61
2021-12,Spain,23581.24
2021-12,Sweden,175052.17
2021-12,Switzerland,130435.02
2021-12,UK,245214.43
2021-12,USA,660176.79
2021-12,Venezuela,77478.14
2022-01,Argentina,138005.88
2022-01,Austria,68062.96
2022-01,Belgium,84787.73
2022-01,Brazil,256197.47
2022-01,Canada,198730.33
2022-01,Denmark,74812.27
2022-01,Finland,35246.7
2022-01,France,202240.41
2022-01,Germany,620091.82
2022-01,Ireland,32741.9
2022-01,Italy,200364.2
2022-01,Mexico,347453.99
2022-01,Norway,133486.52
2022-01,Poland,51973.4
2022-01,Portugal,14438.93
2022-01,Spain,52285.55
2022-01,Sweden,60008.53
2022-01,Switzerland,82419.72
2022-01,UK,358888.15
2022-01,USA,437860.63
2022-01,Venezuela,141256.63
2022-02,Argentina,29020.75
2022-02,Austria,88491.98
2022-02,Brazil,303506.66
2022-02,Canada,144777.88
2022-02,Denmark,149080.43
2022-02,Finland,4601.83
2022-02,France,316120.44
2022-02,Germany,376877.57
2022-02,Ireland,29931.21
2022-02,Italy,136186.73
2022-02,Mexico,170486.47
2022-02,Poland,90020.15
2022-02,Portugal,29703.83
2022-02,Spain,48276.23
2022-02,Sweden,177400.35
2022-02,Switzerland,15979.15
2022-02,UK,133084.94
2022-02,USA,446515.4
2022-02,Venezuela,142259.16
2022-03,Argentina,70185.95
2022-03,Austria,92599.8
2022-03,Belgium,45839.97
2022-03,Brazil,214339.08
2022-03,Canada,128135.34
2022-03,Denmark,36246.12
2022-03,Finland,124524.26
2022-03,France,405019.81
2022-03,Germany,421951.88
2022-03,Italy,124291.24
2022-03,Mexico,207351.99
2022-03,Norway,85718.4
2022-03,Poland,48675.72
2022-03,Portugal,84233.15
2022-03,Spain,250740.64
2022-03,Sweden,58892.85
2022-03,Switzerland,25677.7
2022-03,UK,179008.45
2022-03,USA,461285.09
2022-03,Venezuela,157288.25
2022-04,Argentina,74918.35
2022-04,Austria,12453.11
2022-04,Belgium,115148.09
2022-04,Brazil,289329.45
2022-04,Canada,123531.66
2022-04,Denmark,148222.23
2022-04,France,109287.28
2022-04,Germany,472160.07
2022-04,Ireland,4172.0
2022-04,Italy,127764.67
2022-04,Mexico,75822.7
2022-04,Poland,16583.36
2022-04,Portugal,108397.25
2022-04,Spain,125222.22
2022-04,Sweden,23848.08
2022-04,Switzerland,68941.31
2022-04,UK,247031.73
2022-04,USA,396422.01
2022-04,Venezuela,88779.26
2022-05,Argentina,163223.01
2022-05,Austria,73239.52
2022-05,Brazil,460801.05
2022-05,Canada,162304.49
2022-05,Denmark,52177.18
2022-05,Finland,153061.12
2022-05,France,484558.74
2022-05,Germany,496060.11
2022-05,Ireland,61421.25
2022-05,Italy,162028.37
2022-05,Mexico,110393.83
2022-05,Norway,61355.3
2022-05,Poland,83131.01
2022-05,Portugal,129509.39
2022-05,Spain,138390.35
2022-05,Sweden,144630.02
2022-05,Switzerland,70890.03
2022-05,UK,68034.77
2022-05,USA,573494.72
2022-05,Venezuela,70565.85
2022-06,Argentina,17050.11
2022-06,Austria,78782.2
2022-06,Belgium,95202.59
2022-06,Brazil,270366.98
2022-06,Canada,31372.22
2022-06,Denmark,144783.21
2022-06,Finland,273039.82
2022-06,France,401980.5
2022-06,Germany,373975.15
2022-06,Italy,97890.22
2022-06,Mexico,181473.05
2022-06,Norway,49026.52
2022-06,Poland,90475.17
2022-06,Portugal,164012.56
2022-06,Spain,100202.87
2022-06,Sweden,38705.93
2022-06,Switzerland,75994.92
2022-06,UK,186841.45
2022-06,USA,528510.41
2022-06,Venezuela,178445.29
2022-07,Argentina,99552.94
2022-07,Austria,109277.41
2022-07,Belgium,50035.11
2022-07,Brazil,356736.94
2022-07,Canada,47047.73
2022-07,Denmark,46391.85
2022-07,Finland,38504.92
2022-07,France,383763.26
2022-07,Germany,606612.23
2022-07,Ireland,9825.0
2022-07,Italy,167118.88
2022-07,Mexico,96192.04
2022-07,Poland,1676.2
2022-07,Portugal,30284.28
2022-07,Spain,363233.14
2022-07,Sweden,13014.25
2022-07,Switzerland,33337.77
2022-07,UK,282721.07
2022-07,USA,512479.37
2022-07,Venezuela,110372.91
2022-08,Argentina,155758.71
2022-08,Austria,20891.1
2022-08,Brazil,324059.24
2022-08,Canada,149232.62
2022-08,Denmark,143333.54
2022-08,Finland,59937.91
2022-08,France,224871.37
2022-08,Germany,480425.28
2022-08,Ireland,145842.05
2022-08,Italy,246689.1
2022-08,Mexico,224596.99
2022-08,Norway,11845.8
2022-08,Poland,55649.76
2022-08,Portugal,46501.09
2022-08,Spain,219036.84
2022-08,Sweden,51954.44
2022-08,UK,330419.02
2022-08,USA,585827.54
2022-08,Venezuela,183385.43
2022-09,Argentina,125279.76
2022-09,Austria,27318.91
2022-09,Belgium,70785.7
2022-09,Brazil,329323.74
2022-09,Canada,194222.11
2022-09,Finland,17779.89
2022-09,France,286588.24
2022-09,Germany,393871.68
2022-09,Ireland,97368.76
2022-09,Italy,108406.27
2022-09,Mexico,53144.97
2022-09,Norway,23313.68
2022-09,Poland,30354.65
2022-09,Portugal,73910.31
2022-09,Spain,142390.23
2022-09,Sweden,146745.7
2022-09,UK,194312.64
2022-09,USA,255494.6
2022-09,Venezuela,36143.29
2022-10,Argentina,166644.85
2022-10,Belgium,32960.82
2022-10,Brazil,730542.29
2022-10,Canada,85660.93
2022-10,Denmark,94644.04
2022-10,Finland,26807.8
2022-10,France,122347.78
2022-10,Germany,516970.65
2022-10,Ireland,94342.14
2022-10,Italy,260971.6
2022-10,Mexico,165858.57
2022-10,Norway,64461.61
2022-10,Portugal,5092.7
2022-10,Spain,226103.71
2022-10,Sweden,118051.02
2022-10,Switzerland,42737.35
2022-10,UK,238102.09
2022-10,USA,545425.2
2022-10,Venezuela,179861.46
2022-11,Argentina,259839.98
2022-11,Austria,132127.52
2022-11,Brazil,371891.43
2022-11,Canada,159202.86
2022-11,Finland,138203.03
2022-11,France,476102.0
2022-11,Germany,538576.6
2022-11,Italy,33782.96
2022-11,Mexico,336274.27
2022-11,Norway,29114.79
2022-11,Poland,157485.29
2022-11,Portugal,128341.97
2022-11,Spain,56786.79
2022-11,UK,205798.08
2022-11,USA,403465.65
2022-11,Venezuela,115822.05
2022-12,Argentina,85912.18
2022-12,Austria,171941.8
2022-12,Belgium,47987.79
2022-12,Brazil,379851.03
2022-12,Canada,72645.06
2022-12,Denmark,170874.28
2022-12,Finland,10591.35
2022-12,France,189990.9
2022-12,Germany,331911.65
2022-12,Ireland,55668.96
2022-12,Italy,141690.24
2022-12,Mexico,205683.69
2022-12,Poland,54724.93
2022-12,Portugal,153018.64
2022-12,Spain,81373.47
2022-12,Sweden,55383.26
2022-12,UK,304844.07
2022-12,USA,713675.26
2022-12,Venezuela,257588.8
2023-01,Argentina,85712.42
2023-01,Austria,65002.9
2023-01,Belgium,16784.88
2023-01,Brazil,92983.67
2023-01,Canada,76553.35
2023-01,Denmark,48370.23
2023-01,Finland,131207.09
2023-01,France,550823.42
2023-01,Germany,264787.46
2023-01,Ireland,93530.4
2023-01,Italy,84506.8
2023-01,Mexico,169263.35
2023-01,Poland,66845.98
2023-01,Portugal,47052.6
2023-01,Spain,146186.35
2023-01,Sweden,23209.07
2023-01,Switzerland,233191.71
2023-01,UK,280222.84
2023-01,USA,479105.01
2023-01,Venezuela,216462.63
2023-02,Argentina,63980.22
2023-02,Austria,47391.49
2023-02,Belgium,45714.84
2023-02,Brazil,363992.1
2023-02,Canada,169632.32
2023-02,Denmark,78202.53
2023-02,Finland,157190.53
2023-02,France,380435.89
2023-02,Germany,292933.46
2023-02,Italy,44952.7
2023-02,Mexico,192622.79
2023-02,Poland,5158.45
2023-02,Portugal,112605.26
2023-02,Spain,111963.94
2023-02,Sweden,28258.71
2023-02,Switzerland,61824.4
2023-02,UK,15705.85
2023-02,USA,206311.27
2023-02,Venezuela,232729.41
2023-03,Argentina,269680.54
2023-03,Austria,28033.65
2023-03,Belgium,121962.16
2023-03,Brazil,365692.86
2023-03,Canada,99367.66
2023-03,Denmark,58281.12
2023-03,Finland,104998.56
2023-03,France,448067.42
2023-03,Germany,609261.19
2023-03,Italy,136408.71
2023-03,Mexico,195950.37
2023-03,Norway,39289.13
2023-03,Poland,60980.73
2023-03,Portugal,3310.0
2023-03,Spain,133524.91
2023-03,Sweden,31814.29
2023-03,Switzerland,131396.84
2023-03,UK,341834.8
2023-03,USA,446731.29
2023-03,Venezuela,89664.18
2023-04,Argentina,28325.31
2023-04,Austria,73203.83
2023-04,Belgium,23669.2
2023-04,Brazil,324614.2
2023-04,Canada,154595.41
2023-04,Denmark,103152.96
2023-04,Finland,95061.46
2023-04,France,399078.47
2023-04,Germany,335375.47
2023-04,Ireland,59624.58
2023-04,Italy,41467.55
2023-04,Mexico,20685.93
2023-04,Norway,59903.07
2023-04,Poland,133980.32
2023-04,Portugal,154021.08
2023-04,Spain,64559.02
2023-04,Sweden,110514.83
2023-04,Switzerland,125225.67
2023-04,UK,501977.73
2023-04,USA,380849.79
2023-04,Venezuela,285054.42
2023-05,Argentina,193491.7
2023-05,Austria,136281.99
2023-05,Belgium,35710.52
2023-05,Brazil,328120.02
2023-05,Canada,93227.74
2023-05,Denmark,169936.5
2023-05,Finland,164345.13
2023-05,France,210029.82
2023-05,Germany,427947.4
2023-05,Mexico,346138.59
2023-05,Poland,15809.94
2023-05,Portugal,134612.17
2023-05,Spain,165093.31
2023-05,Sweden,182263.69
2023-05,Switzerland,131485.43
2023-05,UK,326407.81
2023-05,USA,665078.14
2023-05,Venezuela,170564.45
2023-06,Argentina,164113.83
2023-06,Belgium,134752.65
2023-06,Brazil,341807.38
2023-06,Canada,82754.51
2023-06,Denmark,53019.96
2023-06,Finland,45979.39
2023-06,France,95778.4
2023-06,Germany,352977.12
2023-06,Ireland,29387.74
2023-06,Italy,72998.31
2023-06,Mexico,160409.85
2023-06,Norway,16346.69
2023-06,Portugal,90805.43
2023-06,Spain,188345.49
2023-06,Switzerland,160833.36
2023-06,UK,325192.25
2023-06,USA,614416.15
2023-06,Venezuela,141869.22
2023-07,Argentina,37435.29
2023-07,Austria,143892.27
2023-07,Belgium,37563.75
2023-07,Brazil,399304.75
2023-07,Canada,70230.1
2023-07,Denmark,104354.15
2023-07,Finland,158400.77
2023-07,France,211329.35
2023-07,Germany,393156.73
2023-07,Ireland,173749.54
2023-07,Italy,104412.04
2023-07,Mexico,65913.17
2023-07,Norway,72521.96
2023-07,Portugal,48201.91
2023-07,Spain,216647.0
2023-07,Sweden,41294.26
2023-07,Switzerland,7652.0
2023-07,UK,305317.3
2023-07,USA,625752.16
2023-07,Venezuela,133208.86
2023-08,Argentina,241212.04
2023-08,Austria,60283.84
2023-08,Belgium,94798.08
2023-08,Brazil,269384.43
2023-08,Canada,139955.98
2023-08,Denmark,46263.08
2023-08,Finland,73071.63
2023-08,France,395324.01
2023-08,Germany,483803.1
2023-08,Italy,89940.92
2023-08,Mexico,133393.55
2023-08,Norway,2577.35
2023-08,Portugal,81543.47
2023-08,Spain,170218.75
2023-08,Sweden,97399.54
2023-08,Switzerland,156697.58
2023-08,UK,179260.87
2023-08,USA,504553.63
2023-08,Venezuela,73476.82
2023-09,Argentina,241587.37
2023-09,Austria,182987.44
2023-09,Belgium,121501.84
2023-09,Brazil,465034.78
2023-09,Canada,134761.12
2023-09,Denmark,114723.77
2023-09,France,153446.39
2023-09,Germany,456638.33
2023-09,Ireland,43279.76
2023-09,Italy,57643.33
2023-09,Mexico,203085.32
2023-09,Norway,31476.35
2023-09,Poland,32507.97
2023-09,Portugal,68739.33
2023-09,Spain,221411.27
2023-09,Sweden,89272.29
2023-09,Switzerland,35884.95
2023-09,UK,318124.41
2023-09,USA,333451.87
2023-09,Venezuela,239140.62
2023-10,Argentina,126160.98
2023-10,Austria,8843.05
2023-10,Belgium,179700.15
2023-10,Brazil,147459.09
2023-10,Canada,43771.68
2023-10,France,276464.68
2023-10,Germany,588038.91
2023-10,Ireland,35491.65
2023-10,Italy,178812.22
2023-10,Mexico,95226.83
2023-10,Norway,61173.93
2023-10,Poland,49134.7
2023-10,Portugal,47949.96
2023-10,Spain,113592.19
2023-10,Sweden,124341.04
2023-10,Switzerland,12568.55
2023-10,UK,253816.4
2023-10,USA,460514.17
2023-10,Venezuela,120304.17
